<?xml version="1.0" encoding="UTF-8"?>
<beans xmlns="http://www.springframework.org/schema/beans"
	xmlns:xsi="http://www.w3.org/2001/XMLSchema-instance" xmlns:aop="http://www.springframework.org/schema/aop"
	xmlns:tx="http://www.springframework.org/schema/tx"
	xmlns:jee="http://www.springframework.org/schema/jee"
	xmlns:context="http://www.springframework.org/schema/context"
	xsi:schemaLocation="
		http://www.springframework.org/schema/beans
		http://www.springframework.org/schema/beans/spring-beans-3.0.xsd
		http://www.springframework.org/schema/tx
		http://www.springframework.org/schema/tx/spring-tx-3.0.xsd
		http://www.springframework.org/schema/aop
		http://www.springframework.org/schema/aop/spring-aop-3.0.xsd
		http://www.springframework.org/schema/jee
		http://www.springframework.org/schema/jee/spring-jee-3.0.xsd
		http://www.springframework.org/schema/context
		http://www.springframework.org/schema/context/spring-context-3.0.xsd">

	<bean id="dataSource" class="org.apache.commons.dbcp.BasicDataSource" destroy-method="close">
		<property name="driverClassName" value="org.hsqldb.jdbcDriver" />
		<property name="url" value="jdbc:hsqldb:hsql::classpath/ccvraptor" />
		<property name="username" value="sa" />
		<property name="password" value="" />
	</bean>
	
	<context:component-scan base-package="org.cejug" />
	
	<bean id="entityManagerFactory"
		class="org.springframework.orm.jpa.LocalContainerEntityManagerFactoryBean">

		<property name="persistenceXmlLocation" value="classpath:/META-INF/persistence.xml"/>
		<property name="dataSource" ref="dataSource"/>
		
		<property name="jpaDialect">
			<bean class="org.springframework.orm.jpa.vendor.HibernateJpaDialect"></bean>
		</property>
		<property name="jpaVendorAdapter">
			<bean
				class="org.springframework.orm.jpa.vendor.HibernateJpaVendorAdapter">
				<property name="showSql" value="true" />
				<property name="databasePlatform" value="org.hibernate.dialect.HSQLDialect" />
				<property name="generateDdl" value="true" />
			</bean>
		</property>
		<property name="jpaProperties">
			<props>
				<prop key="hibernate.format_sql">false</prop>
				<prop key="hibernate.query.jpaql_strict_compliance">false</prop>
			</props>
		</property>
	</bean>
	
	
	<bean id="myTxManager" class="org.springframework.orm.jpa.JpaTransactionManager">
		<property name="entityManagerFactory" ref="entityManagerFactory" />
		<property name="dataSource" ref="dataSource" />
		<property name="jpaDialect">
			<bean class="org.springframework.orm.jpa.vendor.HibernateJpaDialect"></bean>
		</property>
	</bean>
	
	<context:annotation-config/>
	
	<aop:config>
		<aop:pointcut id="serviceMethods"
			expression="execution(* org.cejug.ccvraptor.service..*.*(..))" />
		<aop:advisor advice-ref="txAdvice" pointcut-ref="serviceMethods" />
	</aop:config>
	<tx:advice id="txAdvice" transaction-manager="myTxManager">
		<tx:attributes>
			<tx:method name="retrieve*" propagation="NOT_SUPPORTED" read-only="true" />
			<tx:method name="load*" propagation="NOT_SUPPORTED" read-only="true" />
			<tx:method name="find*" propagation="NOT_SUPPORTED" read-only="true" />
			<tx:method name="*" propagation="REQUIRED" />
		</tx:attributes>
	</tx:advice>
	
	<!-- bean id="txManager" class="org.springframework.jdbc.datasource.DataSourceTransactionManager" -->
		<!-- property name="dataSource" ref="dataSource"></property -->
	<!-- /bean -->
	
	
</beans>